{"stats":{"minecraft:mined":{"minecraft:white_bed":1},"minecraft:custom":{"minecraft:time_since_rest":85234,"minecraft:sprint_one_cm":106458,"minecraft:walk_one_cm":1039408,"minecraft:mob_kills":4,"minecraft:drop":3,"minecraft:damage_dealt":777,"minecraft:talked_to_villager":1,"minecraft:fly_one_cm":2084169,"minecraft:crouch_one_cm":3884,"minecraft:play_one_minute":447590,"minecraft:sneak_time":6852,"minecraft:aviate_one_cm":596945,"minecraft:jump":1076,"minecraft:leave_game":6,"minecraft:time_since_death":447590,"minecraft:sleep_in_bed":23},"minecraft:dropped":{"minecraft:lever":1,"minecraft:grass_block":1,"minecraft:redstone":1},"minecraft:picked_up":{"minecraft:repeater":24,"minecraft:leather":3,"minecraft:lead":2,"minecraft:redstone":286,"minecraft:lever":8,"minecraft:beef":3,"minecraft:birch_sign":1,"minecraft:redstone_torch":78,"minecraft:spruce_button":2},"minecraft:killed":{"minecraft:trader_llama":2,"minecraft:wandering_trader":1,"minecraft:cow":1},"minecraft:used":{"minecraft:redstone_torch":364,"minecraft:oak_trapdoor":4,"minecraft:sticky_piston":3,"minecraft:glass":13,"minecraft:lever":69,"minecraft:end_stone_bricks":4,"minecraft:firework_rocket":21,"minecraft:grass_block":264,"minecraft:spruce_button":3,"minecraft:redstone":2484,"minecraft:oak_button":1,"minecraft:stone_button":7,"minecraft:oak_planks":1825,"minecraft:birch_wood":12,"minecraft:redstone_block":2,"minecraft:dark_oak_button":1,"minecraft:stone_bricks":31,"minecraft:bedrock":1,"minecraft:diamond_sword":36,"minecraft:glowstone":74,"minecraft:repeater":452,"minecraft:redstone_lamp":15,"minecraft:birch_sign":23,"minecraft:white_bed":2,"minecraft:acacia_wood":15,"minecraft:birch_log":14,"minecraft:smooth_stone_slab":12}},"DataVersion":1976}